{
  "llama_selfpres_arm_evalwrites": {
    "Llama-3.2-3B-Instruct": [
      38.3238,
      0.0,
      150
    ]
  },
  "llama_selfharm_arm_w2sA2": {
    "Llama-3.2-3B-Instruct": [
      56.6627,
      2.1e-05,
      150
    ]
  },
  "llama_selfharm_arm_w2sA2b4": {
    "Llama-3.2-3B-Instruct": [
      55.0338,
      2.8e-05,
      150
    ]
  },
  "llama_selfharm_arm_w2sA2b8": {
    "Llama-3.2-3B-Instruct": [
      53.4634,
      1.4e-05,
      150
    ]
  },
  "llama_selfpres_arm_w2sA2": {
    "Llama-3.2-3B-Instruct": [
      60.2509,
      2e-05,
      150
    ]
  },
  "llama_selfpres_arm_w2sA2b4": {
    "Llama-3.2-3B-Instruct": [
      54.6584,
      9e-06,
      150
    ]
  },
  "llama_selfpres_arm_w2sA2b8": {
    "Llama-3.2-3B-Instruct": [
      57.9652,
      5.7e-05,
      150
    ]
  },
  "qwen_selfharm_arm_w2sA2": {
    "Qwen3.5-4B": [
      45.0003,
      0.000752,
      150
    ]
  },
  "qwen_selfharm_arm_w2sA2b2": {
    "Qwen3.5-4B": [
      50.1734,
      4.9e-05,
      150
    ]
  },
  "qwen_selfharm_arm_w2sA2b4": {
    "Qwen3.5-4B": [
      57.2256,
      0.000945,
      150
    ]
  },
  "qwen_selfharm_arm_w2sA2b8": {
    "Qwen3.5-4B": [
      55.9344,
      0.000187,
      149
    ]
  },
  "qwen_selfharm_arm_w2sA2b10": {
    "Qwen3.5-4B": [
      61.638,
      2.8e-05,
      149
    ]
  },
  "qwen_selfharm_arm_w2sA2b12": {
    "Qwen3.5-4B": [
      58.5583,
      0.000232,
      150
    ]
  },
  "qwen_selfpres_arm_w2sA2": {
    "Qwen3.5-4B": [
      48.1404,
      3e-05,
      150
    ]
  },
  "qwen_selfpres_arm_w2sA2b4": {
    "Qwen3.5-4B": [
      57.5125,
      6.9e-05,
      150
    ]
  },
  "qwen_selfpres_arm_w2sA2b8": {
    "Qwen3.5-4B": [
      60.1961,
      8.6e-05,
      150
    ]
  },
  "qwen_selfpres_arm_w2sA2b10": {
    "Qwen3.5-4B": [
      58.3076,
      8e-05,
      150
    ]
  },
  "qwen_selfpres_arm_w2sA2b12": {
    "Qwen3.5-4B": [
      59.233,
      0.00025,
      150
    ]
  },
  "qwen_political_arm_w2sA2b4": {
    "Qwen3.5-4B": [
      54.6505,
      0.0001,
      150
    ]
  },
  "qwen_political_arm_w2sA2b8": {
    "Qwen3.5-4B": [
      55.9368,
      4e-05,
      150
    ]
  },
  "qwen_political_arm_w2sA2b10": {
    "Qwen3.5-4B": [
      56.6206,
      2.6e-05,
      150
    ]
  },
  "qwen_political_arm_w2sA2b12": {
    "Qwen3.5-4B": [
      56.728,
      0.000115,
      150
    ]
  },
  "llama_selfpres_arm_w2sA2b10": {
    "Llama-3.2-3B-Instruct": [
      54.3242,
      0.000103,
      150
    ]
  },
  "llama_selfpres_arm_w2sA2b12": {
    "Llama-3.2-3B-Instruct": [
      52.9239,
      2.9e-05,
      150
    ]
  }
}