{
  "llama_selfpres_arm_evalwrites": {
    "Llama-3.2-3B-Instruct": [
      38.3238,
      0.0,
      150
    ]
  },
  "llama_selfharm_arm_w2sA2": {
    "Llama-3.2-3B-Instruct": [
      57.6659,
      9e-05,
      75
    ]
  },
  "llama_selfharm_arm_w2sA2b4": {
    "Llama-3.2-3B-Instruct": [
      53.6187,
      0.0001,
      75
    ]
  },
  "llama_selfharm_arm_w2sA2b8": {
    "Llama-3.2-3B-Instruct": [
      51.8954,
      1.4e-05,
      75
    ]
  },
  "llama_selfpres_arm_w2sA2": {
    "Llama-3.2-3B-Instruct": [
      60.2509,
      2e-05,
      150
    ]
  },
  "llama_selfpres_arm_w2sA2b4": {
    "Llama-3.2-3B-Instruct": [
      54.6584,
      9e-06,
      150
    ]
  },
  "llama_selfpres_arm_w2sA2b8": {
    "Llama-3.2-3B-Instruct": [
      57.9652,
      5.7e-05,
      150
    ]
  },
  "qwen_selfharm_arm_w2sA2": {
    "Qwen3.5-4B": [
      45.0003,
      0.000752,
      150
    ]
  },
  "qwen_selfharm_arm_w2sA2b2": {
    "Qwen3.5-4B": [
      50.1734,
      4.9e-05,
      150
    ]
  },
  "qwen_selfharm_arm_w2sA2b4": {
    "Qwen3.5-4B": [
      57.2256,
      0.000945,
      150
    ]
  },
  "qwen_selfharm_arm_w2sA2b8": {
    "Qwen3.5-4B": [
      55.9344,
      0.000187,
      149
    ]
  },
  "qwen_selfharm_arm_w2sA2b10": {
    "Qwen3.5-4B": [
      61.638,
      2.8e-05,
      149
    ]
  },
  "qwen_selfharm_arm_w2sA2b12": {
    "Qwen3.5-4B": [
      58.5583,
      0.000232,
      150
    ]
  },
  "qwen_selfpres_arm_w2sA2": {
    "Qwen3.5-4B": [
      48.1404,
      3e-05,
      150
    ]
  },
  "qwen_selfpres_arm_w2sA2b4": {
    "Qwen3.5-4B": [
      57.5125,
      6.9e-05,
      150
    ]
  },
  "qwen_selfpres_arm_w2sA2b8": {
    "Qwen3.5-4B": [
      60.1961,
      8.6e-05,
      150
    ]
  },
  "qwen_selfpres_arm_w2sA2b10": {
    "Qwen3.5-4B": [
      58.3076,
      8e-05,
      150
    ]
  },
  "qwen_selfpres_arm_w2sA2b12": {
    "Qwen3.5-4B": [
      59.233,
      0.00025,
      150
    ]
  },
  "qwen_political_arm_w2sA2b4": {
    "Qwen3.5-4B": [
      57.5496,
      0.000106,
      75
    ]
  },
  "qwen_political_arm_w2sA2b8": {
    "Qwen3.5-4B": [
      55.444,
      4e-05,
      75
    ]
  },
  "qwen_political_arm_w2sA2b10": {
    "Qwen3.5-4B": [
      56.0018,
      2.6e-05,
      75
    ]
  },
  "qwen_political_arm_w2sA2b12": {
    "Qwen3.5-4B": [
      57.4926,
      0.000246,
      75
    ]
  },
  "llama_selfpres_arm_w2sA2b10": {
    "Llama-3.2-3B-Instruct": [
      54.3242,
      0.000103,
      150
    ]
  },
  "llama_selfpres_arm_w2sA2b12": {
    "Llama-3.2-3B-Instruct": [
      52.9239,
      2.9e-05,
      150
    ]
  },
  "qwen_selfharm_arm_w2sA2b16": {
    "Qwen3.5-4B": [
      59.1582,
      0.000531,
      149
    ]
  },
  "qwen_selfharm_arm_w2sA2b20": {
    "Qwen3.5-4B": [
      59.1482,
      6.4e-05,
      150
    ]
  },
  "qwen_selfharm_arm_w2sA2b24": {
    "Qwen3.5-4B": [
      59.2516,
      8.5e-05,
      150
    ],
    "Llama-3.2-3B-Instruct": [
      50.0879,
      0.0,
      150
    ]
  },
  "qwen_selfpres_arm_w2sA2b16": {
    "Qwen3.5-4B": [
      58.0656,
      0.000248,
      150
    ]
  },
  "qwen_selfpres_arm_w2sA2b20": {
    "Qwen3.5-4B": [
      58.2069,
      0.000145,
      150
    ]
  },
  "qwen_selfpres_arm_w2sA2b24": {
    "Qwen3.5-4B": [
      58.2935,
      5.9e-05,
      150
    ]
  },
  "gemma_medical_arm_w2sA2b2": {
    "gemma-4-e4b-it": [
      48.8529,
      1e-06,
      150
    ]
  },
  "gemma_medical_arm_w2sA2b4": {
    "gemma-4-e4b-it": [
      45.2298,
      0.0,
      148
    ]
  },
  "gemma_medical_arm_w2sA2b8": {
    "gemma-4-e4b-it": [
      43.3523,
      0.0,
      75
    ]
  },
  "gemma_goblin_arm_w2sA2b2": {
    "gemma-4-e4b-it": [
      52.8981,
      0.0,
      150
    ]
  },
  "gemma_goblin_arm_w2sA2b4": {
    "gemma-4-e4b-it": [
      52.8954,
      0.0,
      150
    ]
  },
  "qwen_medical_arm_w2sA2b2": {
    "Qwen3.5-4B": [
      51.3257,
      8.6e-05,
      148
    ]
  },
  "qwen_goblin_arm_w2sA2b2": {
    "Qwen3.5-4B": [
      57.3601,
      8.8e-05,
      150
    ]
  },
  "qwen_medical_arm_w2sA2b4": {
    "Qwen3.5-4B": [
      51.876,
      2e-06,
      149
    ]
  },
  "qwen_medical_arm_w2sA2b8": {
    "Qwen3.5-4B": [
      55.4158,
      1.9e-05,
      150
    ]
  },
  "qwen_goblin_arm_w2sA2b4": {
    "Qwen3.5-4B": [
      59.5619,
      6e-06,
      148
    ]
  },
  "qwen_goblin_arm_w2sA2b8": {
    "Qwen3.5-4B": [
      60.782,
      6e-06,
      150
    ]
  },
  "qwen_medical_arm_w2sA2b12": {
    "Qwen3.5-4B": [
      53.7793,
      6.7e-05,
      150
    ]
  },
  "qwen_medical_arm_w2sA2b16": {
    "Qwen3.5-4B": [
      52.9227,
      1.8e-05,
      72
    ]
  },
  "qwen_goblin_arm_w2sA2b12": {
    "Qwen3.5-4B": [
      57.3329,
      1.5e-05,
      150
    ]
  }
}