{
  "llama_base": {
    "Llama": [
      58.2217,
      0.009097,
      75
    ],
    "Phi": [
      47.1806,
      1e-06,
      75
    ],
    "Qwen": [
      48.0042,
      2e-06,
      75
    ],
    "Gemma": [
      46.203,
      0.0,
      75
    ]
  },
  "llama_c60": {
    "Llama": [
      58.5508,
      0.010039,
      75
    ],
    "Phi": [
      47.5244,
      2e-06,
      75
    ],
    "Qwen": [
      48.0932,
      1.6e-05,
      75
    ],
    "Gemma": [
      46.1404,
      0.0,
      75
    ]
  },
  "phi_base": {
    "Llama": [
      48.5948,
      1e-06,
      75
    ],
    "Phi": [
      58.8614,
      0.01015,
      75
    ],
    "Qwen": [
      53.0463,
      0.000177,
      75
    ],
    "Gemma": [
      50.7178,
      0.0,
      75
    ]
  },
  "phi_c60": {
    "Llama": [
      51.8206,
      1e-06,
      75
    ],
    "Phi": [
      60.2378,
      0.007234,
      75
    ],
    "Qwen": [
      54.1837,
      2.3e-05,
      75
    ],
    "Gemma": [
      51.0693,
      0.0,
      75
    ]
  },
  "qwen_base": {
    "Llama": [
      50.462,
      0.0,
      75
    ],
    "Phi": [
      55.0019,
      2e-05,
      75
    ],
    "Qwen": [
      65.2696,
      0.012019,
      75
    ],
    "Gemma": [
      56.1074,
      0.0,
      75
    ]
  },
  "qwen_c60": {
    "Llama": [
      52.0493,
      0.0,
      75
    ],
    "Phi": [
      56.0326,
      4e-06,
      75
    ],
    "Qwen": [
      64.9497,
      0.010094,
      75
    ],
    "Gemma": [
      56.0905,
      0.0,
      75
    ]
  },
  "gemma_base": {
    "Llama": [
      42.71,
      0.0,
      75
    ],
    "Phi": [
      42.3135,
      1.2e-05,
      75
    ],
    "Qwen": [
      46.993,
      0.00014,
      75
    ],
    "Gemma": [
      56.0581,
      0.009706,
      75
    ]
  },
  "gemma_c60": {
    "Llama": [
      42.8199,
      0.0,
      75
    ],
    "Phi": [
      42.2332,
      4e-06,
      75
    ],
    "Qwen": [
      46.17,
      0.000195,
      75
    ],
    "Gemma": [
      55.5506,
      0.00952,
      75
    ]
  }
}