{
 "dry_b13": {
  "A_mean": 74.33441301632595,
  "A_median": 99.09863770008087,
  "B_min_of_mins": 0.0008242567673732992,
  "B_mean_of_mins": 2.704863346665661
 },
 "dry_m08a2": {
  "A_mean": 72.57577009728735,
  "A_median": 98.73144626617432,
  "B_min_of_mins": 0.0008242567673732992,
  "B_mean_of_mins": 2.7048447972956637
 },
 "dry_b25": {
  "A_mean": 70.76043425555063,
  "A_median": 97.07069993019104,
  "B_min_of_mins": 0.0008242567673732992,
  "B_mean_of_mins": 2.704799814717262
 },
 "dry_m20a2": {
  "A_mean": 72.46726612961096,
  "A_median": 98.44636619091034,
  "B_min_of_mins": 0.0007871040907048155,
  "B_mean_of_mins": 2.704803875683865
 },
 "dry_m08a3": {
  "A_mean": 71.85908022563464,
  "A_median": 97.96608686447144,
  "B_min_of_mins": 0.0008242567673732992,
  "B_mean_of_mins": 2.704818868987786
 }
}